"Time","RelativeSeconds","Source","Line"
"2026-06-15 21:31:33.403","55.621","products_170_mw {A39BD4A9-2333-58EC-AD1A-73011C07BE69}2.log","[2026/06/15 21:31:33.403] warn: 113099.90000003576: set device metadata 632546H26201116: {""activeProfileGuid"":""26a33407-4094-469b-b3b1-f3caae38693b""} {""activeProfileGuid"":""26a33407-4094-469b-b3b1-f3caae38693b"",""name"":""Razer Basilisk V3 Pro""}"
"2026-06-15 21:31:33.403","55.621","products_170_mw {A39BD4A9-2333-58EC-AD1A-73011C07BE69}2.log","[2026/06/15 21:31:33.403] warn: 113099.80000001192: set active profile 632546H26201116: 26a33407-4094-469b-b3b1-f3caae38693b"
"2026-06-15 21:31:33.403","55.621","products_170_mw {A39BD4A9-2333-58EC-AD1A-73011C07BE69}2.log","[2026/06/15 21:31:33.403] info: from actionFromUI newActiveProfileGUID 26a33407-4094-469b-b3b1-f3caae38693b"
"2026-06-15 21:31:33.404","55.622","products_170_mw {A39BD4A9-2333-58EC-AD1A-73011C07BE69}2.log","[2026/06/15 21:31:33.404] warn: 113101.10000002384: [Armory] Active profile {""activeProfile"":{""guid"":""26a33407-4094-469b-b3b1-f3caae38693b"",""name"":""Brian’s MacBook Pro (2)-Default"",""dpi"":{""X"":800,""Y"":800},""brightness"":{""isEnabled"":true,""value"":33},""switchOffLighting"":{""isDisplayOn"":false,""isIdleEnabled"":false,""idleMinutes"":1},""scrollWheel"":{""accelerationEnabled"":false,""smartReelEnabled"":false,""scrollMode"":""Tactile""},""quickEffects"":{""selectedEffectId"":3},""ledPowerSettings"":{""idleState"":1,""ileStateValue"":60},""lowBatteryEffects"":5,""mappings"":[{""inputID"":""Button4"",""inputType"":""MouseInput"",""outputType"":""keyboardGroup"",""keyboardGroup"":{""key"":""KEY_F12"",""keyGroup"":0,""modifiers"":[]},""isHyperShift"":false}],""dpiStages"":{""stages"":[{""x"":400,""y"":400,""independent"":false,""visible"":true},{""x"":800,""y"":800,""independent"":false,""visible"":true},{""x"":1600,""y"":1600,""independent"":false,""visible"":true},{""x"":3200,""y"":3200,""independent"":false,""visible"":true},{""x"":6400,""y"":6400,""independent"":false,""visible"":true}],""active"":2,""enable"":true,""count"":5},""pollingRateWireless"":1000,""pollingRate"":1000,""sidePanelMappings"":{},""appEngine"":{""mappings"":[{""input"":{""type"":""mouse"",""id"":64,""hypershift"":false},""output"":{""type"":""keyboard"",""scancode"":88,""flag"":0}},{""input"":{""type"":""mouse"",""id"":128,""hypershift"":false},""output"":{""type"":""keyboard"",""scancode"":88,""flag"":1}}],""hash"":""89967b34709a58186a78c3b83f6240f4""},""obmSlotId"":[2]}}"
"2026-06-15 21:31:33.414","55.632","products_170_mw {A39BD4A9-2333-58EC-AD1A-73011C07BE69}2.log","[2026/06/15 21:31:33.414] info: RzMappingEngine.callMappingEngineAction() args: {""action"":""localStorageSetItem"",""payload"":{""key"":""synapse_172_{A39BD4A9-2333-58EC-AD1A-73011C07BE69}"",""value"":""{\""productId\"":170,\""editionId\"":0,\""name\"":\""Razer Basilisk V3 Pro\"",\""reportIDs\"":{\""4\"":\""razerKeyReportID\"",\""5\"":\""hardwareEventReportID\""},\""category\"":\""MOUSE\"",\""calibration\"":{\""calibrationTrackingMode\"":false,\""smartTracking\"":{\""isAsymmetric\"":false,\""trackingDistance\"":2,\""liftOffDistance\"":13,\""landingDistance\"":12},\""presetTracking\"":{\""isAsymmetric\"":false,\""surfaceDistance\"":5,\""liftOffDistance\"":5,\""landingDistance\"":3},\""selectedProfile\"":{},\""profiles\"":[{\""type\"":\""default\""}]},\""schemaVersion\"":12,\""defaultMappings\"":{\""appEngine\"":{\""mappings\"":[{\""input\"":{\""type\"":\""mouse\"",\""id\"":0,\""data\"":1,\""hypershift\"":false},\""output\"":{\""type\"":\""turbo\"",\""guid\"":\""069a1429-bd96-44ba-bf69-ef11e68a4edb\"",\""flag\"":0,\""repeat\"":0,\""delay\"":143}},{\""input\"":{\""type\"":\""mouse\"",\""id\"":0,\""data\"":2,\""hypershift\"":false},\""output\"":{\""type\"":\""turbo\"",\""guid\"":\""069a1429-bd96-44ba-bf69-ef11e68a4edb\"",\""flag\"":1}},{\""input\"":{\""type\"":\""mouse\"",\""id\"":0,\""data\"":4,\""hypershift\"":false},\""output\"":{\""type\"":\""turbo\"",\""guid\"":\""176e460e-5261-4917-b8f7-30d8ebbe84da\"",\""flag\"":0,\""repeat\"":0,\""delay\"":143}},{\""input\"":{\""type\"":\""mouse\"",\""id\"":0,\""data\"":8,\""hypershift\"":false},\""output\"":{\""type\"":\""turbo\"",\""guid\"":\""176e460e-5261-4917-b8f7-30d8ebbe84da\"",\""flag\"":1}},{\""input\"":{\""type\"":\""razerKey\"",\""key\"":84,\""hypershift\"":false,\""flag\"":0},\""output\"":{\""type\"":\""disabled\""}},{\""input\"":{\""type\"":\""razerKey\"",\""key\"":84,\""hypershift\"":false,\""flag\"":1},\""output\"":{\""type\"":\""scrollModeSwitch\"",\""flag\"":1}},{\""input\"":{\""type\"":\""razerKey\"",\""key\"":82,\""hypershift\"":false,\""flag\"":0},\""output\"":{\""type\"":\""sensitivity\"",\""sensitivityGroup\"":{\""sensitivityAssignment\"":\""DPI_CycleUp\"",\""independent\"":false,\""x\"":800,\""y\"":800},\""flag\"":0}},{\""input\"":{\""type\"":\""razer..."
"2026-06-15 21:31:33.417","55.635","products_170_mw {A39BD4A9-2333-58EC-AD1A-73011C07BE69}2.log","[2026/06/15 21:31:33.417] info: setSingleButtonAssignment 1, 15, 0, 6, 5 5,1,144,1,144:,"
"2026-06-15 21:31:33.417","55.635","products_170_mw {A39BD4A9-2333-58EC-AD1A-73011C07BE69}2.log","[2026/06/15 21:31:33.417] info: setSingleButtonMapping buttonId: 15 buttonMode 0 fnId 6 DPI fnDataByteSize 5 fnDataByte {""0"":5,""1"":1,""2"":144,""3"":1,""4"":144}"
"2026-06-15 21:31:33.417","55.635","products_170_mw {A39BD4A9-2333-58EC-AD1A-73011C07BE69}2.log","[2026/06/15 21:31:33.417] info: setSingleButtonMapping profileId: 1 {""inputID"":""DKM_SB_02"",""inputType"":""DKMInput"",""dkmInput"":""DKM_SB_02"",""sensitivityGroup"":{""sensitivityAssignment"":""DPI_Clutch"",""x"":400,""y"":400},""outputType"":""sensitivityGroup""} {""inputID"":""DKM_SB_02"",""inputType"":""DKMInput"",""dkmInput"":""DKM_SB_02"",""sensitivityGroup"":{""sensitivityAssignment"":""DPI_Clutch"",""x"":400,""y"":400},""outputType"":""sensitivityGroup""}"
"2026-06-15 21:31:33.418","55.636","products_170_mw {A39BD4A9-2333-58EC-AD1A-73011C07BE69}2.log","[2026/06/15 21:31:33.418] info: Handler Not found for feature obmSlotId__deleted in Initialization, Ignoring action."
"2026-06-15 21:31:33.446","55.664","products_170_mw {A39BD4A9-2333-58EC-AD1A-73011C07BE69}2.log","[2026/06/15 21:31:33.446] info: set OBM result 33 {""taskRunner"":{""brightness"":{""currValue"":{},""lastModifiedDate"":null,""setting"":{""version"":""131"",""value"":33},""on"":{""timerTick"":null,""value"":{}},""off"":{""timerTick"":null,""value"":{}}},""dpi"":{""currValue"":{""x"":null,""y"":null},""lastModifiedDate"":null,""setting"":{""value"":{}},""otfsOn"":{""timerTick"":null,""value"":{}},""otfsChange"":{""timerTick"":null,""value"":{}},""otfsOff"":{""timerTick"":null,""value"":{}},""clutchOn"":{""timerTick"":null,""value"":{}},""clutchOff"":{""timerTick"":null,""value"":{}}},""pollingRate"":{""currValue"":{""pollingRate"":null},""lastModifiedDate"":null,""setting"":{""value"":{""pollingRate"":null}}},""lightingEffect"":{""currValue"":{},""lastModifiedDate"":null,""setting"":{""value"":{""effectId"":null}}},""switchProfile"":{""setting"":{""version"":null}},""calibration"":{""setting"":{""version"":null}},""obm"":{""currValue"":{},""lastModifiedDate"":null,""setting"":{""value"":{""timerTick"":null,""macroData"":null,""slot"":null,""guid"":null,""name"":null}},""init"":{""value"":{""version"":null},""version"":130},""mapping"":{""value"":{""version"":null,""macroData"":{}},""version"":131}}},""taskMaker"":{""brightness"":{""setBrightness"":{""timerTick"":null},""switchOffLighting"":{""timerTick"":null}},""dpi"":{""otfs"":{""type"":null,""timerTick"":null,""localStorageVersion"":null,""value"":{}},""clutch"":{""timerTick"":null,""value"":{}},""stages"":{""timerTick"":null,""value"":{}}},""pollingRate"":{""setPollingRate"":{""timerTick"":null,""value"":{}}},""lightingEffect"":{""setEffect"":{""timerTick"":null,""value"":{}},""toggleChroma"":{""timerTick"":null,""value"":null},""customColors"":{""timerTick"":null,""value"":null}},""exclusive"":{""switchProfile"":{""timerTick"":null,""value"":null},""otfm"":{""timerTick"":null}},""calibration"":{""setProfile"":{""timerTick"":null}},""keyMapping"":{""setKeyMapping"":{""version"":null,""value"":{}}},""profile"":{""addProfile"":{""timerTick"":null,""value"":{}},""deleteProfile"":{""timerTick"":null,""value"":{}},""renameProfile"":{""timerTick"":null,""value"":{}},""duplicateProfile"":{""timerTick"":null,""value"":{}},""switchProfile"":{""timerTick"":null,""value"":{}},""expor..."
"2026-06-15 21:31:33.446","55.664","products_170_mw {A39BD4A9-2333-58EC-AD1A-73011C07BE69}2.log","[2026/06/15 21:31:33.446] info: {""maxProfilesSupported"":5,""profileIdList"":[1,2,4,5],""numOfProfiles"":4,""profiles"":[{""id"":1,""name"":"""",""dpi"":{""x"":800,""y"":800},""dpiActiveStage"":2,""dpiNumOfStage"":5,""dpiStages"":[{""id"":1,""dpi"":{""x"":600,""y"":600}},{""id"":2,""dpi"":{""x"":800,""y"":800}},{""id"":3,""dpi"":{""x"":1000,""y"":1000}},{""id"":4,""dpi"":{""x"":1200,""y"":1200}},{""id"":5,""dpi"":{""x"":1400,""y"":1400}}],""scrollMode"":0,""guid"":"""",""owner"":"""",""buttonAssignments"":{""1"":{""id"":1,""idHex"":""0x1"",""rapidTrigger"":{""enabled"":0,""upSensitivity"":0,""downSensitivity"":0},""actuationPoint"":{""thresholdH"":0,""thresholdL"":0},""NormalMode"":{""fnId"":1,""fnIdEnum"":""ButtonCode"",""fnDataByteSize"":1,""fnDataByte"":[1,0,0,0,0],""mapping"":{""inputID"":""LeftClick"",""inputType"":""MouseInput"",""mouseInput"":""LeftClick"",""outputType"":""mouseGroup"",""mouseGroup"":{""mouseAssignment"":""Click""}},""thresholdL"":0,""thresholdH"":0},""HypershiftMode"":{""fnId"":1,""fnIdEnum"":""ButtonCode"",""fnDataByteSize"":1,""fnDataByte"":[1,0,0,0,0],""mapping"":{""inputID"":""LeftClick"",""inputType"":""MouseInput"",""mouseInput"":""LeftClick"",""outputType"":""mouseGroup"",""mouseGroup"":{""mouseAssignment"":""Click""},""isHyperShift"":true},""thresholdL"":0,""thresholdH"":0},""inputID"":""LeftClick""},""2"":{""id"":2,""idHex"":""0x2"",""rapidTrigger"":{""enabled"":0,""upSensitivity"":0,""downSensitivity"":0},""actuationPoint"":{""thresholdH"":0,""thresholdL"":0},""NormalMode"":{""fnId"":1,""fnIdEnum"":""ButtonCode"",""fnDataByteSize"":1,""fnDataByte"":[2,0,0,0,0],""mapping"":{""inputID"":""RightClick"",""inputType"":""MouseInput"",""mouseInput"":""RightClick"",""outputType"":""mouseGroup"",""mouseGroup"":{""mouseAssignment"":""Menu""}},""thresholdL"":0,""thresholdH"":0},""HypershiftMode"":{""fnId"":1,""fnIdEnum"":""ButtonCode"",""fnDataByteSize"":1,""fnDataByte"":[2,0,0,0,0],""mapping"":{""inputID"":""RightClick"",""inputType"":""MouseInput"",""mouseInput"":""RightClick"",""outputType"":""mouseGroup"",""mouseGroup"":{""mouseAssignment"":""Menu""},""isHyperShift"":true},""thresholdL"":0,""thresholdH"":0},""inputID"":""RightClick""},""3"":{""id"":3,""idHex"":""0x3"",""rapidTrigger"":{""enabled"":0,""upSensitivity"":0,""downSensitivity""..."
"2026-06-15 21:31:33.448","55.666","products_170_mw {A39BD4A9-2333-58EC-AD1A-73011C07BE69}2.log","[2026/06/15 21:31:33.448] info: setSingleButtonAssignment 2, 4, 0, 2, 2 0,69,0,0,0:,"
"2026-06-15 21:31:33.448","55.666","products_170_mw {A39BD4A9-2333-58EC-AD1A-73011C07BE69}2.log","[2026/06/15 21:31:33.448] info: setSingleButtonMapping buttonId: 4 buttonMode 0 fnId 2 KeyCode fnDataByteSize 2 fnDataByte {""0"":0,""1"":69,""2"":0,""3"":0,""4"":0}"
"2026-06-15 21:31:33.448","55.666","products_170_mw {A39BD4A9-2333-58EC-AD1A-73011C07BE69}2.log","[2026/06/15 21:31:33.448] info: setSingleButtonMapping profileId: 2 {""inputID"":""Button4"",""inputType"":""MouseInput"",""outputType"":""keyboardGroup"",""keyboardGroup"":{""key"":{""HID"":""69"",""flag"":0,""pageID"":""7""},""keyGroup"":0,""modifiers"":[]},""isHyperShift"":false,""uiThresholdH"":0,""uiThresholdL"":0} {""inputID"":""Button4"",""inputType"":""MouseInput"",""outputType"":""keyboardGroup"",""keyboardGroup"":{""key"":{""HID"":""69"",""flag"":0,""pageID"":""7""},""keyGroup"":0,""modifiers"":[]},""isHyperShift"":false,""uiThresholdH"":0,""uiThresholdL"":0}"
"2026-06-15 21:31:33.520","55.738","products_170_mw {A39BD4A9-2333-58EC-AD1A-73011C07BE69}2.log","[2026/06/15 21:31:33.520] info: {""maxProfilesSupported"":5,""profileIdList"":[1,2,4,5],""numOfProfiles"":4,""profiles"":[{""id"":1,""name"":"""",""dpi"":{""x"":800,""y"":800},""dpiActiveStage"":2,""dpiNumOfStage"":5,""dpiStages"":[{""id"":1,""dpi"":{""x"":600,""y"":600}},{""id"":2,""dpi"":{""x"":800,""y"":800}},{""id"":3,""dpi"":{""x"":1000,""y"":1000}},{""id"":4,""dpi"":{""x"":1200,""y"":1200}},{""id"":5,""dpi"":{""x"":1400,""y"":1400}}],""scrollMode"":0,""guid"":"""",""owner"":"""",""buttonAssignments"":{""1"":{""id"":1,""idHex"":""0x1"",""rapidTrigger"":{""enabled"":0,""upSensitivity"":0,""downSensitivity"":0},""actuationPoint"":{""thresholdH"":0,""thresholdL"":0},""NormalMode"":{""fnId"":1,""fnIdEnum"":""ButtonCode"",""fnDataByteSize"":1,""fnDataByte"":[1,0,0,0,0],""mapping"":{""inputID"":""LeftClick"",""inputType"":""MouseInput"",""mouseInput"":""LeftClick"",""outputType"":""mouseGroup"",""mouseGroup"":{""mouseAssignment"":""Click""}},""thresholdL"":0,""thresholdH"":0},""HypershiftMode"":{""fnId"":1,""fnIdEnum"":""ButtonCode"",""fnDataByteSize"":1,""fnDataByte"":[1,0,0,0,0],""mapping"":{""inputID"":""LeftClick"",""inputType"":""MouseInput"",""mouseInput"":""LeftClick"",""outputType"":""mouseGroup"",""mouseGroup"":{""mouseAssignment"":""Click""},""isHyperShift"":true},""thresholdL"":0,""thresholdH"":0},""inputID"":""LeftClick""},""2"":{""id"":2,""idHex"":""0x2"",""rapidTrigger"":{""enabled"":0,""upSensitivity"":0,""downSensitivity"":0},""actuationPoint"":{""thresholdH"":0,""thresholdL"":0},""NormalMode"":{""fnId"":1,""fnIdEnum"":""ButtonCode"",""fnDataByteSize"":1,""fnDataByte"":[2,0,0,0,0],""mapping"":{""inputID"":""RightClick"",""inputType"":""MouseInput"",""mouseInput"":""RightClick"",""outputType"":""mouseGroup"",""mouseGroup"":{""mouseAssignment"":""Menu""}},""thresholdL"":0,""thresholdH"":0},""HypershiftMode"":{""fnId"":1,""fnIdEnum"":""ButtonCode"",""fnDataByteSize"":1,""fnDataByte"":[2,0,0,0,0],""mapping"":{""inputID"":""RightClick"",""inputType"":""MouseInput"",""mouseInput"":""RightClick"",""outputType"":""mouseGroup"",""mouseGroup"":{""mouseAssignment"":""Menu""},""isHyperShift"":true},""thresholdL"":0,""thresholdH"":0},""inputID"":""RightClick""},""3"":{""id"":3,""idHex"":""0x3"",""rapidTrigger"":{""enabled"":0,""upSensitivity"":0,""downSensitivity""..."
"2026-06-15 21:31:33.521","55.739","products_170_mw {A39BD4A9-2333-58EC-AD1A-73011C07BE69}2.log","[2026/06/15 21:31:33.521] info: setSingleButtonAssignment 1, 4, 0, 2, 2 0,69,0,0,0:,"
"2026-06-15 21:31:33.521","55.739","products_170_mw {A39BD4A9-2333-58EC-AD1A-73011C07BE69}2.log","[2026/06/15 21:31:33.521] info: setSingleButtonMapping buttonId: 4 buttonMode 0 fnId 2 KeyCode fnDataByteSize 2 fnDataByte {""0"":0,""1"":69,""2"":0,""3"":0,""4"":0}"
"2026-06-15 21:31:33.521","55.739","products_170_mw {A39BD4A9-2333-58EC-AD1A-73011C07BE69}2.log","[2026/06/15 21:31:33.521] info: setSingleButtonMapping profileId: 1 {""inputID"":""Button4"",""inputType"":""MouseInput"",""outputType"":""keyboardGroup"",""keyboardGroup"":{""key"":{""HID"":""69"",""flag"":0,""pageID"":""7""},""keyGroup"":0,""modifiers"":[]},""isHyperShift"":false,""uiThresholdH"":0,""uiThresholdL"":0} {""inputID"":""Button4"",""inputType"":""MouseInput"",""outputType"":""keyboardGroup"",""keyboardGroup"":{""key"":{""HID"":""69"",""flag"":0,""pageID"":""7""},""keyGroup"":0,""modifiers"":[]},""isHyperShift"":false,""uiThresholdH"":0,""uiThresholdL"":0}"
"2026-06-15 21:31:33.560","55.778","products_170_mw {A39BD4A9-2333-58EC-AD1A-73011C07BE69}2.log","[2026/06/15 21:31:33.560] info: set dpi result 35 {""taskRunner"":{""brightness"":{""currValue"":{},""lastModifiedDate"":null,""setting"":{""version"":""131"",""value"":33},""on"":{""timerTick"":null,""value"":{}},""off"":{""timerTick"":null,""value"":{}}},""dpi"":{""currValue"":{""x"":null,""y"":null},""lastModifiedDate"":null,""setting"":{""value"":{}},""otfsOn"":{""timerTick"":null,""value"":{}},""otfsChange"":{""timerTick"":null,""value"":{}},""otfsOff"":{""timerTick"":null,""value"":{}},""clutchOn"":{""timerTick"":null,""value"":{}},""clutchOff"":{""timerTick"":null,""value"":{}}},""pollingRate"":{""currValue"":{""pollingRate"":null},""lastModifiedDate"":null,""setting"":{""value"":{""pollingRate"":null}}},""lightingEffect"":{""currValue"":{},""lastModifiedDate"":null,""setting"":{""value"":{""effectId"":null}}},""switchProfile"":{""setting"":{""version"":null}},""calibration"":{""setting"":{""version"":null}},""obm"":{""currValue"":{},""lastModifiedDate"":null,""setting"":{""value"":{""timerTick"":null,""macroData"":null,""slot"":null,""guid"":null,""name"":null}},""init"":{""value"":{""version"":null},""version"":130},""mapping"":{""value"":{""version"":null,""macroData"":{}},""version"":131}}},""taskMaker"":{""brightness"":{""setBrightness"":{""timerTick"":null},""switchOffLighting"":{""timerTick"":null}},""dpi"":{""otfs"":{""type"":null,""timerTick"":null,""localStorageVersion"":null,""value"":{}},""clutch"":{""timerTick"":null,""value"":{}},""stages"":{""timerTick"":null,""value"":{}}},""pollingRate"":{""setPollingRate"":{""timerTick"":null,""value"":{}}},""lightingEffect"":{""setEffect"":{""timerTick"":null,""value"":{}},""toggleChroma"":{""timerTick"":null,""value"":null},""customColors"":{""timerTick"":null,""value"":null}},""exclusive"":{""switchProfile"":{""timerTick"":null,""value"":null},""otfm"":{""timerTick"":null}},""calibration"":{""setProfile"":{""timerTick"":null}},""keyMapping"":{""setKeyMapping"":{""version"":null,""value"":{}}},""profile"":{""addProfile"":{""timerTick"":null,""value"":{}},""deleteProfile"":{""timerTick"":null,""value"":{}},""renameProfile"":{""timerTick"":null,""value"":{}},""duplicateProfile"":{""timerTick"":null,""value"":{}},""switchProfile"":{""timerTick"":null,""value"":{}},""expor..."
"2026-06-15 21:31:33.581","55.799","products_170_mw {A39BD4A9-2333-58EC-AD1A-73011C07BE69}2.log","[2026/06/15 21:31:33.581] info: {""maxProfilesSupported"":5,""profileIdList"":[1,2,4,5],""numOfProfiles"":4,""profiles"":[{""id"":1,""name"":"""",""dpi"":{""x"":800,""y"":800},""dpiActiveStage"":2,""dpiNumOfStage"":5,""dpiStages"":[{""id"":1,""dpi"":{""x"":600,""y"":600}},{""id"":2,""dpi"":{""x"":800,""y"":800}},{""id"":3,""dpi"":{""x"":1000,""y"":1000}},{""id"":4,""dpi"":{""x"":1200,""y"":1200}},{""id"":5,""dpi"":{""x"":1400,""y"":1400}}],""scrollMode"":0,""guid"":"""",""owner"":"""",""buttonAssignments"":{""1"":{""id"":1,""idHex"":""0x1"",""rapidTrigger"":{""enabled"":0,""upSensitivity"":0,""downSensitivity"":0},""actuationPoint"":{""thresholdH"":0,""thresholdL"":0},""NormalMode"":{""fnId"":1,""fnIdEnum"":""ButtonCode"",""fnDataByteSize"":1,""fnDataByte"":[1,0,0,0,0],""mapping"":{""inputID"":""LeftClick"",""inputType"":""MouseInput"",""mouseInput"":""LeftClick"",""outputType"":""mouseGroup"",""mouseGroup"":{""mouseAssignment"":""Click""}},""thresholdL"":0,""thresholdH"":0},""HypershiftMode"":{""fnId"":1,""fnIdEnum"":""ButtonCode"",""fnDataByteSize"":1,""fnDataByte"":[1,0,0,0,0],""mapping"":{""inputID"":""LeftClick"",""inputType"":""MouseInput"",""mouseInput"":""LeftClick"",""outputType"":""mouseGroup"",""mouseGroup"":{""mouseAssignment"":""Click""},""isHyperShift"":true},""thresholdL"":0,""thresholdH"":0},""inputID"":""LeftClick""},""2"":{""id"":2,""idHex"":""0x2"",""rapidTrigger"":{""enabled"":0,""upSensitivity"":0,""downSensitivity"":0},""actuationPoint"":{""thresholdH"":0,""thresholdL"":0},""NormalMode"":{""fnId"":1,""fnIdEnum"":""ButtonCode"",""fnDataByteSize"":1,""fnDataByte"":[2,0,0,0,0],""mapping"":{""inputID"":""RightClick"",""inputType"":""MouseInput"",""mouseInput"":""RightClick"",""outputType"":""mouseGroup"",""mouseGroup"":{""mouseAssignment"":""Menu""}},""thresholdL"":0,""thresholdH"":0},""HypershiftMode"":{""fnId"":1,""fnIdEnum"":""ButtonCode"",""fnDataByteSize"":1,""fnDataByte"":[2,0,0,0,0],""mapping"":{""inputID"":""RightClick"",""inputType"":""MouseInput"",""mouseInput"":""RightClick"",""outputType"":""mouseGroup"",""mouseGroup"":{""mouseAssignment"":""Menu""},""isHyperShift"":true},""thresholdL"":0,""thresholdH"":0},""inputID"":""RightClick""},""3"":{""id"":3,""idHex"":""0x3"",""rapidTrigger"":{""enabled"":0,""upSensitivity"":0,""downSensitivity""..."
"2026-06-15 21:31:33.582","55.8","products_170_mw {A39BD4A9-2333-58EC-AD1A-73011C07BE69}2.log","[2026/06/15 21:31:33.582] info: set OBM result 36 {""taskRunner"":{""brightness"":{""currValue"":{},""lastModifiedDate"":null,""setting"":{""version"":""131"",""value"":33},""on"":{""timerTick"":null,""value"":{}},""off"":{""timerTick"":null,""value"":{}}},""dpi"":{""currValue"":{""x"":null,""y"":null},""lastModifiedDate"":null,""setting"":{""value"":{}},""otfsOn"":{""timerTick"":null,""value"":{}},""otfsChange"":{""timerTick"":null,""value"":{}},""otfsOff"":{""timerTick"":null,""value"":{}},""clutchOn"":{""timerTick"":null,""value"":{}},""clutchOff"":{""timerTick"":null,""value"":{}}},""pollingRate"":{""currValue"":{""pollingRate"":null},""lastModifiedDate"":null,""setting"":{""value"":{""pollingRate"":null}}},""lightingEffect"":{""currValue"":{},""lastModifiedDate"":null,""setting"":{""value"":{""effectId"":null}}},""switchProfile"":{""setting"":{""version"":null}},""calibration"":{""setting"":{""version"":null}},""obm"":{""currValue"":{},""lastModifiedDate"":null,""setting"":{""value"":{""timerTick"":null,""macroData"":null,""slot"":null,""guid"":null,""name"":null}},""init"":{""value"":{""version"":null},""version"":130},""mapping"":{""value"":{""version"":null,""macroData"":{}},""version"":131}}},""taskMaker"":{""brightness"":{""setBrightness"":{""timerTick"":null},""switchOffLighting"":{""timerTick"":null}},""dpi"":{""otfs"":{""type"":null,""timerTick"":null,""localStorageVersion"":null,""value"":{}},""clutch"":{""timerTick"":null,""value"":{}},""stages"":{""timerTick"":null,""value"":{}}},""pollingRate"":{""setPollingRate"":{""timerTick"":null,""value"":{}}},""lightingEffect"":{""setEffect"":{""timerTick"":null,""value"":{}},""toggleChroma"":{""timerTick"":null,""value"":null},""customColors"":{""timerTick"":null,""value"":null}},""exclusive"":{""switchProfile"":{""timerTick"":null,""value"":null},""otfm"":{""timerTick"":null}},""calibration"":{""setProfile"":{""timerTick"":null}},""keyMapping"":{""setKeyMapping"":{""version"":null,""value"":{}}},""profile"":{""addProfile"":{""timerTick"":null,""value"":{}},""deleteProfile"":{""timerTick"":null,""value"":{}},""renameProfile"":{""timerTick"":null,""value"":{}},""duplicateProfile"":{""timerTick"":null,""value"":{}},""switchProfile"":{""timerTick"":null,""value"":{}},""expor..."
"2026-06-15 21:31:36.008","58.226","products_170_mw {A39BD4A9-2333-58EC-AD1A-73011C07BE69}2.log","[2026/06/15 21:31:36.008] warn: 115704.30000001192: [Armory] Active profile {""activeProfile"":{""guid"":""26a33407-4094-469b-b3b1-f3caae38693b"",""name"":""Brian’s MacBook Pro (2)-Default"",""dpi"":{""X"":800,""Y"":800},""brightness"":{""isEnabled"":true,""value"":33},""switchOffLighting"":{""isDisplayOn"":false,""isIdleEnabled"":false,""idleMinutes"":1},""scrollWheel"":{""accelerationEnabled"":false,""smartReelEnabled"":false,""scrollMode"":""Tactile""},""quickEffects"":{""selectedEffectId"":3},""ledPowerSettings"":{""idleState"":1,""ileStateValue"":60},""lowBatteryEffects"":5,""mappings"":[{""inputID"":""Button4"",""inputType"":""MouseInput"",""outputType"":""keyboardGroup"",""keyboardGroup"":{""key"":""KEY_F12"",""keyGroup"":0,""modifiers"":[]},""isHyperShift"":false}],""dpiStages"":{""stages"":[{""x"":7650,""y"":7650,""independent"":false,""visible"":true},{""x"":800,""y"":800,""independent"":false,""visible"":true},{""x"":1600,""y"":1600,""independent"":false,""visible"":true},{""x"":3200,""y"":3200,""independent"":false,""visible"":true},{""x"":6400,""y"":6400,""independent"":false,""visible"":true}],""active"":1,""enable"":true,""count"":5},""pollingRateWireless"":1000,""pollingRate"":1000,""sidePanelMappings"":{},""appEngine"":{""mappings"":[{""input"":{""type"":""mouse"",""id"":64,""hypershift"":false},""output"":{""type"":""keyboard"",""scancode"":88,""flag"":0}},{""input"":{""type"":""mouse"",""id"":128,""hypershift"":false},""output"":{""type"":""keyboard"",""scancode"":88,""flag"":1}}],""hash"":""89967b34709a58186a78c3b83f6240f4""},""obmSlotId"":[2]}}"
"2026-06-15 21:31:36.078","58.296","products_170_mw {A39BD4A9-2333-58EC-AD1A-73011C07BE69}2.log","[2026/06/15 21:31:36.078] info: set dpi result 37 {""taskRunner"":{""brightness"":{""currValue"":{},""lastModifiedDate"":null,""setting"":{""version"":""131"",""value"":33},""on"":{""timerTick"":null,""value"":{}},""off"":{""timerTick"":null,""value"":{}}},""dpi"":{""currValue"":{""x"":null,""y"":null},""lastModifiedDate"":null,""setting"":{""value"":{}},""otfsOn"":{""timerTick"":null,""value"":{}},""otfsChange"":{""timerTick"":null,""value"":{}},""otfsOff"":{""timerTick"":null,""value"":{}},""clutchOn"":{""timerTick"":null,""value"":{}},""clutchOff"":{""timerTick"":null,""value"":{}}},""pollingRate"":{""currValue"":{""pollingRate"":null},""lastModifiedDate"":null,""setting"":{""value"":{""pollingRate"":null}}},""lightingEffect"":{""currValue"":{},""lastModifiedDate"":null,""setting"":{""value"":{""effectId"":null}}},""switchProfile"":{""setting"":{""version"":null}},""calibration"":{""setting"":{""version"":null}},""obm"":{""currValue"":{},""lastModifiedDate"":null,""setting"":{""value"":{""timerTick"":null,""macroData"":null,""slot"":null,""guid"":null,""name"":null}},""init"":{""value"":{""version"":null},""version"":130},""mapping"":{""value"":{""version"":null,""macroData"":{}},""version"":131}}},""taskMaker"":{""brightness"":{""setBrightness"":{""timerTick"":null},""switchOffLighting"":{""timerTick"":null}},""dpi"":{""otfs"":{""type"":null,""timerTick"":null,""localStorageVersion"":null,""value"":{}},""clutch"":{""timerTick"":null,""value"":{}},""stages"":{""timerTick"":null,""value"":{}}},""pollingRate"":{""setPollingRate"":{""timerTick"":null,""value"":{}}},""lightingEffect"":{""setEffect"":{""timerTick"":null,""value"":{}},""toggleChroma"":{""timerTick"":null,""value"":null},""customColors"":{""timerTick"":null,""value"":null}},""exclusive"":{""switchProfile"":{""timerTick"":null,""value"":null},""otfm"":{""timerTick"":null}},""calibration"":{""setProfile"":{""timerTick"":null}},""keyMapping"":{""setKeyMapping"":{""version"":null,""value"":{}}},""profile"":{""addProfile"":{""timerTick"":null,""value"":{}},""deleteProfile"":{""timerTick"":null,""value"":{}},""renameProfile"":{""timerTick"":null,""value"":{}},""duplicateProfile"":{""timerTick"":null,""value"":{}},""switchProfile"":{""timerTick"":null,""value"":{}},""expor..."
